V_rms,I_rms,V_peak,I_peak,Impedance_Z,Fault_Class
0.672655991980561,1.32498987745417,1.13623357567385,4.10925459542572,0.163692906503391,3
0.604827447235606,1.09903273647684,0.990400276483316,3.37753513151337,0.179073568330593,3
0.58995502081522,0.784410889698222,0.983162917480695,2.39423061129427,0.246406829661857,3
0.68173852564096,0.739901566739299,1.08372816306735,1.96715430164278,0.346560602038709,2
0.71418295532782,0.49137917010559,1.12276535600889,1.30584577004557,0.546911760024416,2
0.648140146491666,0.756485788090754,1.05779238248634,2.04465873471981,0.316991690835289,2
0.645401236939302,0.711821515184932,1.10027495843699,2.05387341457418,0.314235978772398,1
0.600058636867725,0.598007861398683,0.998212412638603,1.71974899721483,0.348922016478868,1
0.718973095156776,0.269546807284166,1.10192768781588,0.413334194420946,1.73944320459817,0
0.685478604154748,0.660705558719463,1.11668970181428,1.76067144403091,0.389327729004155,2
0.618125458822058,0.730284359932095,1.00464253261571,2.08092793285349,0.297043041241417,1
0.771869693680778,0.314733754302288,1.14505443368422,0.464760296912639,1.66078737366521,0
0.642846552177427,0.606094489268935,1.02373721946977,1.60778310470036,0.399833877134414,2
0.574258087687897,0.762832774201969,0.943211802759175,2.19264242907422,0.261902177104264,1
0.671549172014033,0.481293271117195,1.080682669614,1.37716575363218,0.487630978777891,1
0.690325667647062,1.18386749234015,1.15073622000704,3.63139955752176,0.190099014612195,3
0.665073860448807,1.05951142785219,1.09264148436687,3.2487428765106,0.204717234023123,3
0.57778806668074,0.983783752003048,0.992791613296106,3.02459880433931,0.191029592031251,3
0.694416468946301,0.513920779658107,1.11180182512012,1.38409415625748,0.501711508639311,2
0.610179944933343,1.28159503568636,0.995131675727991,3.86933924656417,0.157696120281787,3
0.678688739297011,0.271845333778583,0.991671146729237,0.396264879516159,1.71271051680173,0
0.745101168858296,0.303439192727156,1.13942991747076,0.457130003076496,1.62995107276417,0
0.663794414454354,0.369018798858085,0.968044201939215,0.540549589502893,1.22799683756667,0
0.755358056813346,0.447975996563052,1.17596462822913,0.696738108903283,1.08413328197169,0
0.622483118518967,0.342772660247198,1.00196937345337,0.919331603771387,0.677103276839469,2
0.672321700526222,1.31569353095043,1.12249179374124,4.02848872610768,0.166891750069279,3
0.749734296381798,0.256107126182183,1.09997780068368,0.376644816977004,1.99055521816023,0
0.637682849689385,0.634454185964958,1.05190644392204,1.84875333679063,0.344925681578862,1
0.669057764795346,0.396147740085271,1.00082379385111,0.596190020953996,1.12222046505288,0
0.62118696584111,0.802564830054151,1.01164551869561,2.42869474304667,0.255769775864087,3
0.621605951790941,0.657436072682996,1.00289742978379,1.89032624900871,0.328835100968318,1
0.699303825501749,0.478876509940598,1.16824587399075,1.39282779344527,0.502074503910826,1
0.700884661938351,0.285185617123142,1.04303414199673,0.423594393690876,1.65460879031614,0
0.691709287592435,0.56745429329629,1.12120207002322,1.6360967472852,0.422779927874236,1
0.699197105843561,0.469603787145878,1.1351630046956,1.2497779972543,0.559456597830224,2
0.714682427892239,0.371682966170487,1.05242191193901,0.555044730523705,1.28760999065412,0
0.606012006408637,0.406315809891806,0.996681143070453,1.09668985458214,0.552582347045778,2
0.572559135189094,1.16746568671937,0.962234030136307,3.57213800491609,0.160284673805,3
0.66442016461406,1.30250258648772,1.13489546320662,4.03332951202056,0.164732387448508,3
0.687875692568972,0.466283804542814,1.02619600261913,0.701758507390305,0.980215708265979,0
0.671252359715096,0.298028726579817,1.03534200912199,0.459943605385983,1.45942000809377,0
0.594999233974962,1.17160260135392,0.99456165777914,3.60737850488227,0.164939461780964,3
0.680241856428668,0.717970954523246,1.07218590588986,1.9182541426076,0.354614900447484,2
0.611555843679686,0.604404509998531,0.97670475778103,1.60501291483921,0.381028374910352,2
0.711322922856411,0.433723630295423,1.1648761439296,1.17406298461618,0.605863847436693,2
0.675062506324448,0.30452036298624,1.02118639120912,0.456470194476805,1.47887208326078,0
0.674841772811048,0.792997275111129,1.12483836089334,2.42034994074724,0.278819803132641,3
0.575013106348672,0.926437509169889,0.984317865864774,2.81881306828439,0.203991143941835,3
0.688204911710747,0.450639063363154,1.00761186260446,0.666628306646605,1.03236522134419,0
0.77406116024247,0.393224920955801,1.18571270366348,0.606095927950245,1.27712437490858,0
0.750002328855606,0.284541156569955,1.18028325510707,0.443793112373454,1.68997809557347,0
0.588469401143718,0.360408317227694,0.929877289620241,0.960833751946716,0.612456408296473,2
0.658143370230853,1.2854009959241,1.14294876698958,3.94889769917474,0.166665042678455,3
0.613386451406296,1.12004573747051,1.00404241852673,3.43975769747694,0.178322523570102,3
0.642685345350518,0.378333241565449,1.07806234007041,1.05262288843708,0.610555538792464,2
0.664729882212808,0.631720254011873,1.06632333214801,1.69904386508231,0.391237392180698,2
0.678413866182522,0.48332700232325,1.12402955705542,1.41242497448457,0.480318174855212,1
0.593024396032298,0.573285964096934,0.974763390050846,1.63900614221374,0.361819287273711,1
0.690053047171904,0.467137235141008,1.00589669975563,0.67777260227288,1.0181173253987,0
0.694469454462452,0.433598719263374,1.06900517528701,0.650226832831894,1.06804018437334,0
0.588090364307088,0.670004117758643,0.963841831629466,1.82047773807084,0.32304159999709,2
0.666999726936691,0.448869453394205,0.976384222798991,0.667517604531496,0.999222676954196,0
0.695082895433034,0.438685145210492,1.10000684662052,1.15890538886416,0.599774841274526,2
0.641237624257734,0.76809764926527,1.03411148240667,2.20895149099199,0.290290364719329,1
0.649352088227242,0.573446059107324,1.06203622025556,1.64733396494396,0.394183394419321,1
0.623427289354262,0.502315617719533,0.997826846078437,1.34980016437693,0.461866018349477,2
0.686562178847704,0.781737249981321,1.1035088433684,2.3627751592716,0.290574363616128,3
0.6563685968795,0.466058457567127,1.04111943289043,1.24345914008703,0.527856563889181,2
0.656226524230336,0.548342420422173,1.06638764916505,1.48781639147832,0.44106657711421,2
0.656970289438336,0.639422941587225,1.08285411914256,1.95910030986307,0.335342682959185,3
0.665665012866303,0.405668473195987,1.05937847636774,1.08903650178468,0.611241588811619,2
0.662499342534602,0.63184447563669,1.08571352532773,1.70383459206264,0.388828209494433,2
0.588168341631219,0.930565925197595,0.950574413006895,2.6517102605886,0.221807083739828,1
0.662737994869065,0.764841653885387,1.08114952813391,2.03204323236646,0.326143488568287,2
0.575304388687526,0.853454915074895,0.953142673349452,2.60961849449582,0.220455277062787,3
0.644156683759587,1.08027752626916,1.04205362616947,3.27328368182516,0.196792135843318,3
0.634931716717652,0.854747376230546,1.07501836788348,2.61665451254955,0.242650098063158,3
0.606861155899108,0.708967233749763,1.00773051352816,2.16765703033187,0.279961667111393,3
0.689825321668128,1.32653347071274,1.14902942364223,4.03606560131875,0.170915247395257,3
0.603219571365323,0.924322475662693,1.02927650520684,2.91929156876738,0.206632105948881,3
0.710782705872301,0.753933846151222,1.13884808044149,2.01673472268517,0.352442165761775,2
0.572408194136319,1.20543610368443,0.926981035283268,3.66890191268216,0.156016173706231,3
0.592031767174047,0.479442127265079,0.960982526982227,1.3653848383946,0.433600342501096,1
0.581234805531441,1.06743393167567,0.975041826071192,3.28623759851805,0.176869325858918,3
0.664882456648331,0.700064637740509,1.10606897615132,2.07136885685614,0.320986836053253,1
0.596484661746498,0.652021681905278,1.00576165264327,1.99029743711151,0.299696091110923,3
0.675092216239642,0.537564237015955,1.09166264194793,1.54100665547802,0.438084920499782,1
0.670837938065545,0.566925149305368,1.1134250046304,1.64537617596789,0.407710735181996,1
0.595741876202781,0.696783747407557,0.981215006854658,2.11807552792035,0.281265510641258,3
0.591876936103487,0.745401402885744,0.963824941106448,2.25827681054865,0.262092171892567,3
0.632562883491036,0.789970931482766,1.07250637885518,2.28636925617171,0.276666861713901,1
0.672129161603968,0.455761678642583,1.10765769251694,1.23257438886595,0.545304707262061,2
0.678911640646624,1.23511729640631,1.12531463160286,3.76312586108492,0.180411574126654,3
0.637383404850903,1.24505589712381,1.06279364668742,3.83480642096424,0.166210016536016,3
0.611022952096174,1.10709139434779,1.02387640940811,3.41237894184347,0.179060644626249,3
0.764023408579762,0.34675828316958,1.16916722452143,0.530016715704594,1.44150541753889,0
0.771165234118233,0.213060786458136,1.125850716862,0.312597000944595,2.46695510460067,0
0.686457563277782,0.405766634729887,1.02693743133627,0.619591191026614,1.10791835859064,0
0.587497480590537,0.659299327095384,0.959167018692929,1.90147286108029,0.308969527594116,1
0.760820362200851,0.424157585935132,1.12553154733283,0.625749714184909,1.21585216757104,0
0.69628162706531,0.611407740253742,1.15244304010488,1.79285081555069,0.388365408131313,1
0.679427940567736,0.475155064934746,1.01503110397636,0.729754083282279,0.931035570881969,0
0.651173799945757,0.505446633656205,1.04603408423871,1.343629090387,0.48463770244845,2
0.60535226297559,0.595834576934632,0.974687599362954,1.69930637717812,0.356234705448547,1
0.655808489551259,0.419429845855388,1.06637581270333,1.14051937482968,0.575008131397207,2
0.725838796860877,0.423890702459033,1.0962240213891,0.644098648851762,1.12690450639871,0
0.667449160562638,0.777102248568553,1.11293023541939,2.40215053837546,0.277854727272545,3
0.705532550583944,0.409539423612651,1.03825508950373,0.602319220626928,1.17135790302638,0
0.725636259166931,0.340859934770979,1.11320319537436,0.519017785740582,1.39809247584657,0
0.651605433904177,0.82463674484081,1.05077576478442,2.36690883067026,0.275297954092174,1
0.683562824071258,0.480984128344225,1.10761427690408,1.30721495702901,0.522914993804722,2
0.702122377540991,0.470701361711033,1.12032805700773,1.26648801112154,0.554384895072424,2
0.767910936163063,0.425770650615167,1.14732150920238,0.642193917472828,1.19575990913312,0
0.727448425049834,0.410672470441926,1.07858317030342,0.60504837563335,1.20229596847094,0
0.676325549225764,0.669619591610462,1.11007694250937,2.04747739868526,0.330321213479005,3
0.637582536846617,0.558379277297581,1.02987937209202,1.60089619102802,0.398265760237353,1
0.689143492484063,0.973815945836591,1.14085176406126,2.79803510987731,0.246295424870081,1
0.652050133798152,0.635255057338065,1.09050843881645,1.92661781477581,0.338442731274805,3
0.685804732906681,0.358890509473861,1.00161039948873,0.522200337486636,1.31329562694625,0
0.631666025240301,1.13143148289873,1.03366467078952,3.43063249389848,0.1841251845654,3
0.662423106616349,0.444627488333968,0.973875166347217,0.654042712988637,1.01281167215785,0
0.600793227700551,0.607072662291785,1.0015201629018,1.75837111170392,0.341675816911338,1
0.653683530467913,0.973908667237713,1.06205081998633,2.95070199902201,0.221534844640267,3
0.698054872907295,0.774387912341296,1.10673463239295,2.06825266355419,0.337509312908806,2
0.670068491201882,0.527556322745781,1.07834676519009,1.50273155613155,0.445900029561365,1
0.589758411575798,1.03296397990858,0.997062937868792,3.14896676557947,0.18728626504923,3
0.605904954167433,0.624741835832679,0.994664481741949,1.81316271835656,0.334170018974691,1
0.683465064042257,0.807793201074796,1.16671058603828,2.52076798462989,0.271133558136271,3
0.685333159793896,0.231258903777785,1.02244327590373,0.34779682668414,1.97049293357516,0
0.691612866730852,0.872397197274742,1.17398267901375,2.51461003259082,0.275037712698762,1
0.642370316290396,1.10417572287833,1.070869006499,3.388281017332,0.189585847047115,3
0.7465035606546,0.39894114314087,1.0917999647521,0.577743893280656,1.29209893386624,0
0.686853874609651,1.1066920175617,1.18681040674774,3.39780587383096,0.202146237297836,3
0.65904319814182,0.358037817933963,0.996869661093179,0.543216259192499,1.21322212611856,0
0.696202523688386,0.268654232470667,1.05800379547947,0.417859328137616,1.66611299711396,0
0.632137961619263,1.25252418508909,1.04298117873076,3.81829077467903,0.165555174649376,3
0.604701843484387,0.680048877432667,1.00143135133505,1.85340604117388,0.326264997407904,2
0.759053222376756,0.492311612671754,1.13498500686219,0.741913258142827,1.02310100398506,0
0.574073000803143,1.0481670248252,0.940978922257292,3.22569164590915,0.177968908950822,3
0.672964153663417,0.763460901174923,1.13364604479733,2.39199708884939,0.281339753907216,3
0.599150101373739,0.507439479490763,0.981532187413192,1.45179955367659,0.412694498467045,1
0.585829693004866,0.8161726961442,0.957884297256183,2.35804768513081,0.248438336620843,1
0.706780659733034,0.237941896193764,1.04059821776951,0.34395810336223,2.05483923182783,0
0.740473402486313,0.248844631455475,1.08614632943374,0.364528680000331,2.03131169589713,0
0.64356095965503,0.765278151559776,1.01064617645408,2.04629665030484,0.314500170373141,2
0.676129435336575,0.833825962650651,1.10013242192584,2.52857252001617,0.267395600714925,3
0.667335887420697,0.497637840320966,1.09493121672402,1.35694327221181,0.491793142199528,2
0.726843632037773,0.28961031559559,1.06899261976163,0.425252296978968,1.70920163865001,0
0.667877088199155,0.96287886298577,1.11034359910371,2.80399199680801,0.238187858871063,1
0.671756198758036,1.27846897353556,1.116931790711,3.88799532365836,0.172776963463267,3
0.726452201455628,0.384708452580398,1.09692509280403,0.578879549719752,1.25492591141181,0
0.631423203903226,0.567561116069564,1.03760171267044,1.54759058131935,0.40800377278153,2
0.652138032132253,0.638088128338932,1.05214488373673,1.82649842700585,0.35704256047936,1
0.742256291946226,0.431658301118813,1.19811137714459,0.655329957287364,1.1326434127554,0
0.700226491920002,0.362214185968407,1.14190799325,0.977005393449659,0.716706151172266,2
0.685895493081793,0.574368247927712,1.11369023646898,1.64006197240779,0.418212900736869,1
0.589528498367227,1.14912178812424,0.991427612403644,3.50726064970477,0.168087972112617,3
0.697582105534322,0.349767363592572,1.02518193917128,0.512567200547007,1.36095470766597,0
0.634290959842359,1.31127681572402,1.0248619755402,3.96964385737481,0.159785316478368,3
0.584035405303287,0.652904749458489,0.945950004002058,1.97584090065536,0.295588126311914,3
0.651760924949016,1.04931923702117,1.06334896902112,3.21741339459915,0.202572887733418,3
0.67411920365209,0.680063510606326,1.09711745388904,1.92937639024805,0.349397275545673,1
0.610479830085351,0.862077297184866,0.997458590276122,2.47838135889951,0.246321891330935,1
0.627014376515705,0.749543883814985,1.01311713814592,2.00266178903774,0.313090341493277,2
0.667382953663623,1.27664768695552,1.08959885854995,3.85266220849852,0.173226393677873,3
0.717136149021156,0.367096407539742,1.06334225442608,0.547335609308397,1.31022872730423,0
0.759601472862743,0.372304037743165,1.12369855804362,0.545124007202721,1.39344455459968,0
0.705233091960715,0.57166870604423,1.13433044924828,1.51813673946833,0.464538278461937,2
0.66284793183432,0.40276489735184,0.998988289711529,0.617623819129738,1.07322100942819,0
0.609841851882575,0.966790473610612,0.991674449900426,2.76985877028587,0.220170659332561,1
0.636595247789901,1.20463185901652,1.05742332701231,3.73540273619052,0.17042207288659,3
0.684513579675579,0.457580805562728,0.997401141772145,0.667234068505848,1.02589568801955,0
0.692156960814312,0.771026280712844,1.15355409037111,2.22170775013211,0.31154261816413,1
0.677788807960905,0.246748220200903,1.03371007690289,0.371828697290882,1.82284742961419,0
0.595906226042535,0.773117400964595,0.966522035943519,2.20844676630541,0.269830346515032,1
0.617816882626552,0.741944367868713,1.00105421270437,2.12435107635832,0.29082603091181,1
0.593949216387771,0.518732141985152,0.978423441262691,1.49478586698449,0.39734709309159,1
0.680787952728464,0.954858842656384,1.13250020903508,2.74256229828698,0.248230534242797,1
0.613669929487857,0.844261432396417,0.999168409667193,2.41308202593363,0.254309496562152,1
0.667224726935074,0.603059145425378,1.05850081137478,1.59795055391931,0.417550034792085,2
0.670592255125223,0.288743405909262,1.01327210457195,0.439981788574299,1.52413292642238,0
0.712558480392795,0.662791539126935,1.11994030734611,1.75609246712108,0.405763413926342,2
0.746960244295205,0.274997452560345,1.09251000319272,0.410114796636091,1.82133985187117,0
0.66210162879386,0.735718747002048,1.0910499558163,2.24047626669005,0.295518119571019,3
0.690505780221513,0.716641877695007,1.13937321130186,2.07414926396057,0.332910200490006,1
0.644630121957758,0.799365269550502,1.06374589036487,2.42405076355853,0.265930840111861,3
0.713587098445132,0.702667071399417,1.17322869364815,1.92037439324384,0.37158729535675,2
0.616670519471426,0.606317568025063,0.995205913571653,1.72829306897462,0.356808792289202,1
0.613053085264465,0.709914079252184,0.999992227824178,2.0625933839485,0.297224257971108,1
0.644996309058787,0.350234505358382,0.954999260266347,0.52235241201217,1.23478911829863,0
0.635842681952158,0.778513314912462,1.05573685413305,2.38654024521753,0.266428532599781,3
0.607911202196506,0.493443756201142,1.0119756741171,1.43484693401715,0.423676396490697,1
0.688563861845872,0.781568337002711,1.11472383749303,2.09025366097949,0.329416254727169,2
0.608299688377538,1.21986013071103,0.988132324872619,3.6715300799369,0.165680114135924,3
0.642317312161181,0.790394874804069,1.04759180852386,2.28836085505601,0.280688699098011,1
0.601401908332182,0.639041517797758,0.959571442928101,1.6993288601764,0.353905337878165,2
0.681907868744081,0.690246273524617,1.1095166158967,1.98676165072889,0.343225633164538,1
0.57204626674396,1.28601110522273,0.945139597696573,3.94731194579246,0.144920424248024,3
0.657768553730625,0.760174313659581,1.0977618960421,2.0452588725891,0.321606345749088,2
0.674908194963943,0.650646179516267,1.08253215739378,1.74707393608435,0.38630752523792,2
0.66104329972688,0.897526800040137,1.08808230512067,2.75120810721436,0.24027373927829,3
0.576719214698555,0.482724370557174,0.925936893634921,1.37791312556948,0.418545106691754,1
0.660922179538084,0.349767223098482,1.02772817950135,0.527379733257307,1.25321639161138,0
0.687290918232661,0.380565411597227,1.1069828254762,1.01375873396637,0.677962336838544,2
0.625431589211645,1.33805181183182,1.01925133219094,4.06218156559248,0.153964421616394,3
0.648163327097915,0.858722338004025,1.09037846858091,2.49765929198558,0.259508200205498,1
0.664273379369055,0.250601106614078,0.977302099069296,0.368012850440215,1.80502276904648,0
0.660972253258657,1.09106488854003,1.09236228516001,3.31345274029094,0.199481358445228,3
0.577510713673336,0.799206324969694,0.944641957325382,2.30573993103891,0.250466436146026,1
0.604567223302862,0.682299870118597,0.988272277817642,1.83562744018339,0.329351632426475,2
0.614607090003522,1.35611772403592,1.03800964125357,4.23511401798154,0.145121699739915,3
0.594085510980369,1.1876971550743,0.995570178723244,3.64170956930488,0.163133642741347,3
0.673312055581393,0.299115738817731,0.991051809577172,0.444238499158883,1.51565103250889,0
0.596982321459752,1.32232834059585,0.966218343418647,4.00671391324841,0.148995457472105,3
0.707886921991687,0.606034196841272,1.11163839352084,1.61540420820249,0.438210127339736,2
0.682456078135998,0.40957529006552,1.02230708739101,0.606514849691126,1.125207327201,0
0.770527781634325,0.271239101813174,1.12470825983833,0.395311875813876,1.94915933372509,0
0.634875147655018,1.16267719247269,1.07591027975337,3.5816318996417,0.177258576030651,3
0.651671388544854,0.921275938623764,1.08404770179184,2.8217216396561,0.230948066754101,3
0.665971420581018,0.493291598191154,1.07847168156764,1.40607375605588,0.473638700725349,1
0.62240207077127,0.908584631219746,1.01693282163305,2.76908871957604,0.224767751789047,3
0.761794920954873,0.446864407832967,1.11974275282356,0.666039356051606,1.14376691146902,0
0.574628503344665,1.0794330470588,0.946404765073373,3.29032024846808,0.174642066823172,3
0.679279696005302,0.727997796025245,1.10204438714273,2.08828959833965,0.325280253881035,1
0.741320580275756,0.39864967614054,1.08844619040914,0.574794688654313,1.28971144862152,0
0.648056068306185,0.489886897548078,0.94341811299728,0.719811576181192,0.900312233698811,0
0.62329052019842,1.34940498671658,1.02378178125236,4.09897154821834,0.152060184074504,3
0.626562217977093,0.635392258248042,1.02070119717712,1.92018242124584,0.326303316154335,3
0.630698845863502,0.603725351805847,1.02031751907035,1.62142226662135,0.388978534382157,2
0.678609512037905,0.404505424846676,1.07324393064971,1.07241859521559,0.632783581226417,2
0.630906093560763,0.502352194023141,0.995142825066242,1.3436329623869,0.469552058984866,2
0.64569848594845,0.85524935043334,1.04740485162823,2.59081026996743,0.249226369142886,3
0.680689590942049,0.560149544949205,1.07270542523633,1.48731188947615,0.457664016602313,2
0.634118657855772,0.430032662587278,1.00460959397315,1.14161920438513,0.555455006332257,2
0.656477257759769,0.831891175694,1.05679035810659,2.52059848661993,0.260444890687529,3
0.625290624437079,0.919680147561877,1.06021353730462,2.79637423755735,0.22360755310624,3
0.605166299716337,0.823114036516476,0.986712178110924,2.49477346548445,0.242573550470753,3
0.579184766302868,0.96891963891381,0.957443278577279,2.85255253656124,0.20304080497682,1
0.589346498199543,0.838893449237321,0.981489454132024,2.56651324049405,0.229629155724495,3
0.624973742370126,0.48675442463934,0.992235249233569,1.30280473290276,0.47971368760992,2
0.682156378761067,0.699534294462012,1.14014131187758,2.0507873761374,0.332631287898115,1
0.608950766776528,1.32072858713578,1.00110483954225,4.02420459338019,0.151321982102071,3
0.654465193227576,0.741000766491947,1.0972661949215,2.01760232641823,0.324377534799877,2
0.586372853931766,0.44550656666005,0.989290812392338,1.30798092428658,0.448303484202654,1
0.59958300595486,0.741273756504365,0.977477831448655,1.98812392325604,0.30158215861652,2
0.65271993048067,0.489465561834837,1.11164428872732,1.4113179964019,0.462489296994337,1
0.638258164131744,0.237441664120443,0.943842006311752,0.353529576554071,1.80538320151249,0
0.591249742582698,0.674181797928642,0.975706549697205,2.03553071418417,0.290464520136287,3
0.732084100665802,0.371372992309849,1.09112621093894,0.546062602112254,1.34065720153109,0
0.773959727045007,0.292543182521441,1.17378500346906,0.436225693263212,1.77421450589227,0
0.690171050031132,0.458560914834879,1.05345637615289,0.694983594042202,0.993073883863995,0
0.606729972776067,0.741899493504043,1.037301349062,2.14622358646163,0.28269640400325,1
0.773697644616242,0.266161412445943,1.12558966312768,0.392019189648465,1.97361683159747,0
0.614246964290977,0.384965080927715,0.983045991773148,1.01749396435505,0.603685507849487,2
0.633184295966916,0.70493300363818,1.0526397875606,2.1503753022478,0.294452787312176,3
0.669066685975429,1.27035393657691,1.11896250091148,3.83770398458213,0.174340312416766,3
0.72915026072519,0.319361107083747,1.06986964314311,0.478816728061169,1.5228138349799,0
0.616142236092799,1.31699666676622,1.05086111679367,4.02201193231283,0.153192504962556,3
0.692532064513518,1.36724557933331,1.13029819035569,4.12902928806118,0.167722689396571,3
0.605506289542319,0.5067546977824,0.980915829403557,1.45927131404145,0.414937146217331,1
0.577561951483011,0.814210789218693,0.951479961575129,2.4890418473497,0.232041787507994,3
0.599157638354694,0.656229863966879,0.985331665205521,2.00911796145716,0.298219094960978,3
0.614159258508464,0.801688957308644,1.02089129771625,2.42981588934766,0.252759482083174,3
0.62654872200228,0.738295418151644,1.02841344065297,2.11584763518052,0.296121712860063,1
0.665420891683804,0.634894784132132,1.05014733556501,1.70902178622264,0.389357530542086,2
0.753271463774966,0.250601423693516,1.15043324791607,0.382721188739068,1.96819386473704,0
0.599923664059093,0.351532712370022,0.986495329819724,0.952261405800088,0.629998265609403,2
0.601935992684501,0.677512241961686,0.988414656589363,1.96004649365249,0.307102758802447,1
0.665492709658794,0.796682071222161,1.11281647192862,2.28984678903499,0.290627487488701,1
0.670959932094006,0.661375887972079,1.13191117693067,1.89441091331156,0.35417848007571,1
0.637421153309636,0.46042199530411,0.983870903,0.704301459150601,0.905038943181279,0
0.680471577274555,0.352800475429291,1.06517005945317,0.933318987052655,0.729087115581256,2
0.675461661713071,0.885840670047991,1.12652751549263,2.5863606435499,0.261162882382515,1
0.655635049052763,0.604008689174473,1.1043526719559,1.74883184210129,0.374898637119024,1
0.643502181806173,0.56887238051898,1.01119726151744,1.52403254765673,0.422236231476391,2
0.591141362764321,0.645510276052054,0.977086727865286,1.77446270488112,0.333138041166034,2
0.589061502393628,0.36695834235885,0.925224969329667,0.979700612457548,0.601266237498566,2
0.617212066299422,1.18008847664044,1.03423700433742,3.68830072736912,0.167343160056399,3
0.636027030987922,0.706271817462387,1.03020725548681,1.88367405719987,0.337652202038176,2
0.643711609871276,0.393599300962469,0.937774806180181,0.579708152953204,1.11040442710284,0
0.676719912149034,0.85298455005209,1.12188329024891,2.45388135995904,0.275775205523842,1
0.709907068661619,0.486953948582289,1.04063898853654,0.71797614102445,0.988759987050123,0
0.641699462541322,0.625063874794855,1.05255408427481,1.79464005918772,0.35756423784919,1
0.670886488340696,0.32352065234941,1.00264492189303,0.484553229187541,1.38454366493835,0
0.630072445865283,0.487239684959849,0.994947593506032,1.30678496240408,0.48215428080215,2
0.776916152284605,0.356799689196165,1.16881640291468,0.540001758883331,1.43872626482721,0
0.621959752193133,1.14045930304585,1.05177566878491,3.4714282412101,0.179165326145702,3
0.654277805638378,0.71800438559287,1.0802222208782,2.05236412904171,0.318792107885731,1
0.648824647270339,0.959358643926864,1.06330078182901,2.9230175164095,0.221970761946224,3
0.655224369958754,0.439512767905338,1.00591072990346,0.672343447776686,0.974536745451614,0
0.629354488231676,0.606741875860629,0.991033916183834,1.63449797341947,0.385044284803085,2
0.573631391013985,0.916574149308131,0.945126594814209,2.78827696692873,0.2057296287593,3
0.691972398105725,0.725275119790844,1.12277837141566,2.18911198825984,0.316097159816216,3
0.69696515860712,0.458755551026146,1.0205292414533,0.667048812726274,1.04484724425389,0
0.63768021440916,1.10474664350092,1.05794057732943,3.35894982637983,0.189845057986881,3
0.663073009521367,0.80047286615358,1.0970355193093,2.44735500502829,0.270934432162313,3
0.629440519075044,0.510080159243282,1.05819216613324,1.46973301411976,0.428268321361552,1
0.727014730033433,0.223170164207634,1.07786010508627,0.332104768883562,2.18910599619342,0
0.623809325579029,0.593536303445405,0.997378092547034,1.61306251273553,0.38672335010612,2
0.644582324050442,1.16781813557549,1.07853672429144,3.63899403118665,0.177131960479827,3
0.752327448148937,0.268546666960891,1.14500894827227,0.408439801349858,1.84194978969429,0
0.660275860568199,0.903929393731766,1.09177148720727,2.74263485821153,0.240744996675849,3
0.622589163402191,0.507634787570236,1.05740845943381,1.46979772647524,0.423588041129437,1
0.743343278341622,0.2228637357646,1.13948928925497,0.331621309688282,2.24153579727597,0
0.692344917320005,0.390944434512028,1.04698996392485,0.580196251821506,1.19329230730827,0
0.63916512986634,1.33602622427322,1.03506538417745,4.05831750929044,0.157495063140841,3
0.683970230095766,0.638064308714029,1.10640734037743,1.81892162576297,0.376030415152412,1
0.640516517170418,0.416435645392392,1.02912943774662,1.11666935040523,0.573594988832632,2
0.754418863949884,0.311730876155763,1.12242812857486,0.45979664351497,1.64076278900138,0
0.675082910280108,0.941744464528505,1.1104377563975,2.86741513007508,0.235432486830027,3
0.65637713221532,0.782031654877471,1.05773418169992,2.11643493852853,0.31013323874649,2
0.616905607138968,0.473361574137518,0.999592847230298,1.26527109321289,0.487567544125997,2
0.671739051241184,0.241568455449256,1.06155739478576,0.374237146235358,1.79495077666061,0
0.685568495100993,0.350030808813151,1.07033375921228,0.53404865479887,1.28371676480006,0
0.697707671969959,0.646748727314347,1.10191980923727,1.72237731961962,0.405083868057539,2
0.672117297584158,0.669164204342486,1.13023340363694,1.92329077346096,0.349461952085764,1
0.721335665156386,0.411033186630638,1.08747197661253,0.615127893037164,1.17265775241809,0
0.598505464249676,0.615171818226353,0.951517380629724,1.65756993124219,0.361073817698501,2
0.661701448461869,0.465297636685093,1.07990745879094,1.23933981543457,0.53391402931392,2
0.616210357472316,0.733727904045999,1.02745875861283,2.23761231682326,0.275387330259167,3
0.658270868427082,0.636499171446866,1.12404619641641,1.88562590167318,0.349099213552254,1
0.633398088644489,1.23714300506801,1.02970739503636,3.75410949274285,0.168721216349099,3
0.583014362231281,0.965824720932288,0.947688180923382,2.92185005982888,0.199535962064208,3
0.749066720622583,0.453025507421586,1.12056828670812,0.692040766150165,1.08240103020031,0
0.726348794072187,0.386933591565265,1.14168008181284,0.587330198452231,1.23669370192883,0
0.652259772209293,1.14290644942256,1.05481974335494,3.45504578992921,0.188784642254485,3
0.640443436209157,0.436905920157814,1.03308275363306,1.24214994802292,0.515592277434982,1
0.688076062138155,0.3247389922527,1.06949559339596,0.500498828120809,1.37477781904866,0
0.662304931424406,1.06883999114794,1.06640269654817,3.25090833231617,0.203729130443799,3
0.702909525912353,0.408965611057869,1.12417806988203,1.0978748934222,0.640244976799071,2
0.682270005458223,0.741392084860902,1.1114919077384,2.24916646923704,0.303343354725676,3
0.596728822088813,0.647615929866014,0.934712514869742,1.70846583805923,0.349277380628986,2
0.6915515265436,0.405184384628814,1.05366112715483,0.60757014096182,1.1382231312844,0
0.622062655333375,0.722544368080547,1.02242209971547,2.0895250247495,0.297705148423768,1
0.704867871363606,0.532779570566786,1.12192590586598,1.41992816980135,0.496410586073262,2
0.588624222102217,0.833875762495684,0.949259275418148,2.52494636236999,0.23312336362914,3
0.705686349250589,0.531740564375596,1.13195430943049,1.42566705605694,0.494986435483693,2
0.717335759185812,0.484636697656798,1.06312529867311,0.733537880011943,0.977911026575896,0
0.68486834302013,0.865518207697581,1.13329231704549,2.63804123793136,0.25961234932962,3
0.75023005907764,0.436639220153772,1.09082857739683,0.640460071085982,1.1713905699304,0
0.696860242691626,0.745467745053608,1.14677310270158,2.16216474997414,0.322297327436604,1
0.600538771637372,0.681886603135746,0.973337128688841,2.07027710719485,0.29007637647827,3
0.661786931440982,0.24079337094498,0.995755113560797,0.357910614946169,1.84902334488507,0
0.610189788612538,1.10643487586491,1.0428137289366,3.38449299465753,0.180289812768388,3
0.652719137119605,0.702347021619453,1.06977972681485,2.02112818052651,0.322947757821977,1
0.654813665263868,0.516682000281415,1.0598615016102,1.48459062248614,0.441073259033551,1
0.667068401907514,0.608964974981963,1.13487048528962,1.77523464265569,0.375763299180725,1
0.690399055925862,0.240391080561368,1.01097368530374,0.353669376015591,1.95209749740371,0
0.615481126798306,0.7783343762593,0.964194144142283,2.06890847335133,0.297490603008994,2
0.611135528537933,0.552617511605327,1.02182649939173,1.59741498773134,0.38257757104702,1
0.687966401485922,0.412002455198263,1.0221015630962,0.627703157096467,1.09600421425948,0
0.715372599347219,0.422582928650453,1.08032183956744,0.648754839268211,1.10268386971923,0
0.664715862474487,0.318362930398917,0.996424984422538,0.482385615536575,1.37797327095218,0
0.606768425158486,0.767550660295543,0.972857154103679,2.0339930311598,0.298313768803196,2
0.751988863850754,0.451793966180985,1.13024829686759,0.677107861932235,1.11058783325452,0
0.694905663828411,1.2775215497263,1.16935347630718,3.94754126346437,0.176035015574111,3
0.673515819568339,0.368064982447712,1.00750095277088,0.551830841224078,1.22050916466571,0
0.573254301156341,0.7498255039512,0.938491552695463,2.27618335907812,0.251848800766083,3
0.616195363940487,0.721987845340891,1.0207826737245,2.11132759532249,0.29185194824985,1
0.639460203431723,0.695497736193962,1.05579276713382,2.110099466864,0.303047278304279,3
0.766401132899543,0.213833143355448,1.17441962659644,0.320002352475008,2.39497844935671,0
0.656863483941339,0.567496461592743,1.05191132877249,1.55108936942347,0.423484986361878,2
0.622756755040953,1.19731126539103,1.05855118955245,3.7532330345783,0.165925372439751,3
0.674040994371405,1.07829673344602,1.09589480311356,3.27918626541021,0.205551235661769,3
0.701555514455224,0.419160194226948,1.02287314777098,0.611916625348597,1.14648685606263,0
0.744226091034471,0.362725293990342,1.09199348463226,0.540058408146093,1.37804485915584,0
0.609291742271667,0.538086446698848,0.995107387335531,1.48476842584869,0.410361185827489,2
0.681374594092224,0.432168881486864,1.00432189405383,0.640654573056027,1.06355836544426,0
0.677521153072668,1.15922893332177,1.11054732171081,3.54499276306358,0.191120548682477,3
0.580281619912701,0.809455309912202,0.948365872729347,2.45194446756377,0.236661715192738,3
0.65354660290627,0.777634551815019,1.05446177756402,2.22320652303347,0.293965631249095,1
0.69004572667759,1.29049370073591,1.14093307772521,3.9739518444101,0.173642152711558,3
0.632065626801225,0.573078224932007,1.03761480657629,1.55615762411924,0.406170435972722,2
0.68133371651765,0.915196625132972,1.09843889594564,2.61973387965387,0.260077354319026,1
0.649492795125778,0.831916025760896,1.0946425925151,2.41173110540829,0.26930553093741,1
0.666089614852556,0.961008240754956,1.13887402133307,3.0073472751996,0.221487354938412,3
0.631031945812821,0.940085640639271,1.05495604281714,2.73680790015534,0.230572162264236,1
0.652876976571541,0.578699653279438,1.05308247105793,1.53638293105109,0.424943898056058,2
0.602450290969506,0.548702478363601,1.00160213108693,1.4911222523717,0.404024476186849,2
0.680128242810348,0.395325335365722,1.00150913359172,0.575540688419425,1.18171846887085,0
0.656981380033595,0.370688890978438,1.06051549389246,1.01501788580425,0.647260252219871,2
0.657582944201886,0.809757359152574,1.07162804273258,2.451412609181,0.268246427995307,3
0.734501873738956,0.430402463320293,1.08867861910207,0.648025282906731,1.1334445733348,0
0.690486605491469,0.584047541833987,1.13352993113619,1.66777814922277,0.41401561220696,1
0.67664733498839,1.38012896342118,1.11733565519011,4.20606038171609,0.160874336720287,3
0.60684594275328,1.28008485203392,1.00252585807305,3.90036753378686,0.155586821475071,3
0.65634682789126,0.359625894449032,0.960282220058649,0.536667682665842,1.22300191736721,0
0.776256227407828,0.485629033096325,1.15900913105471,0.713084529267265,1.08858782789419,0
0.75875235019712,0.482333300681395,1.18631250489802,0.730999320036005,1.03796445692356,0
0.711455045217139,0.668662826847244,1.17347977610986,1.79730103477502,0.395846124608765,2
0.647192922724165,0.282136543852985,0.969451798043096,0.429870001865798,1.50555147919983,0
0.59795781493151,0.779530328120047,0.999672989533735,2.38079438566782,0.251158843187938,3
0.659760380349963,0.550914981415391,1.11848661419388,1.59007654633007,0.414923399096291,1
0.592589043482617,0.762117142244481,0.966456735624633,2.17710632107197,0.272191011323611,1
0.683946631646564,0.672733654876931,1.12568024514977,1.93673246777735,0.353144427473276,1
0.640543371827731,1.2228129702346,1.06897350898925,3.70981513630229,0.172661756888627,3
0.604020641246702,0.413873865368861,0.972441601603706,1.11668039644354,0.54090687206791,2
0.672817864285384,0.569032402124503,1.10274532184289,1.54245410941185,0.436199316388491,2
0.633121789921458,0.709067161745947,1.04133071760719,2.03718260613274,0.310782880843684,1
0.602869284018268,0.712743743920429,0.950118302224731,1.89388166295809,0.3183245170409,2
0.583493460073563,0.785650380669126,0.944242357406446,2.38957657273261,0.244182681797732,3
0.666095717115805,0.512330111381675,1.07964748256676,1.36819139647179,0.486843603891888,2
0.689413423377087,0.765828479116449,1.10377136435429,2.04576550887515,0.336995165570559,2
0.704688758763808,0.487305093786986,1.04267760803787,0.711269573166035,0.99074639855698,0
0.650222828977691,1.06010088940016,1.05892732760845,3.22664525798932,0.201516614152453,3
0.662767710388207,0.695497088618956,1.07673575539554,1.99154161634145,0.33279112631079,1
0.693715180906745,1.31794921270788,1.11924204024221,3.98662225879437,0.174010719316512,3
0.664030082916054,0.653459858030281,1.08424241303871,1.76120794940794,0.377030836198781,2
0.690709763096416,0.41771732594569,1.03406984877019,0.624691914194066,1.10567888221931,0
0.660161406814633,0.216102094636652,0.976769849110091,0.326271127158508,2.02334601047277,0
0.645493402479605,0.311876340967507,0.941010537862935,0.457297596131191,1.41153593722038,0
0.582264922078928,0.584514156146145,0.954523840380886,1.68188929478044,0.346196731074508,1
0.577234712234528,0.680325718445101,0.981833505546958,1.98328042365896,0.291050329695311,1
0.673401161699416,0.223342044941444,1.05287850572995,0.338670837662939,1.98835889735129,0
0.66066073134426,0.494374805613439,1.07368110068811,1.42438511449112,0.463821378643732,1
0.672306366533398,0.420704284280695,1.07269880015538,1.11280288484314,0.604155301478091,2
0.628771145833013,0.479528908964976,1.01924134906803,1.2926494932097,0.486420071887918,2
0.748973400776201,0.40252858416212,1.08473243433989,0.584959353577702,1.28038318527978,0
0.723520050235539,0.219044821421592,1.05322120668915,0.320568343085419,2.25698453654924,0
0.669635519199868,1.00686532362186,1.08813250849791,3.06938395077444,0.218166026724967,3
0.709708590184954,0.278759325044084,1.03770039906425,0.410721641145956,1.72795097977749,0
0.638588131170775,0.421875235892255,0.930368656149273,0.615528570037852,1.03746133777376,0
0.682255889574011,0.79879908477595,1.18135029826916,2.51485449011832,0.271290295706777,3
0.599633415811875,0.610374810122805,0.964057948114204,1.64456744456889,0.364614448119893,2
0.63938225572549,0.669084741572874,1.00864475520784,1.80269859718604,0.354680423029741,2
0.605068223409542,0.819660253947252,0.990408270784387,2.41616495189069,0.250424944087994,1
0.759015814931822,0.430832356813673,1.12674017123386,0.642557480340191,1.18124005542651,0
0.649588933804172,0.4634666221652,1.06783075603281,1.34359218351169,0.483471441933315,1
0.637360341232617,0.415456831367668,1.02208512779436,1.11268282911804,0.572813520385047,2
0.703510565328949,0.259902983178872,1.06430970714684,0.384201236385276,1.8310944047277,0
0.57687191049086,0.796163070387666,0.959040275094804,2.2996472926237,0.250852233509455,1
0.586591042733281,0.660336682296514,0.979124991702648,1.91596860966458,0.306158844991269,1
0.585858666150785,1.06611839578283,0.955957855631542,3.24152638165155,0.180735374770239,3
0.741641580389376,0.36375781084272,1.11907546290406,0.555108834297947,1.33602673663193,0
0.64710220068939,0.469369189318394,1.07737295440338,1.34043444792194,0.482755213384267,1
0.677258055138184,0.734558116953945,1.09426254530487,1.96636256685329,0.344421584367523,2
0.598484365602683,0.890337986272005,1.00699457737213,2.61459823025138,0.228900995103997,1
0.702829225296531,0.469065536096794,1.01903401140191,0.677622631493869,1.03719704070399,0
0.637503813157256,0.315586993075541,0.928484667154216,0.461323879528962,1.38189775025397,0
0.612603209855032,1.1619273258066,1.01275366761822,3.5159210209588,0.174236859123506,3
0.632694173936118,0.763485176621073,1.06831512944144,2.0540829989494,0.308017673210891,2
0.630095445653754,0.804668344864537,1.03414387619126,2.34209988675939,0.269030018824499,1
0.68042003674778,0.417468177987902,1.0523430729705,0.664661428721128,1.02370768580521,0
0.757460673468325,0.487734988766256,1.12875721520187,0.746256919882743,1.01501190578633,0
0.668477958641306,0.379341558819737,0.979629930284064,0.553962521956159,1.20671837069844,0
0.642166238706856,0.934453218169319,1.04979419359696,2.65982007248275,0.241432119382166,1
0.689197501387808,0.947714452849785,1.11753456688063,2.70488341066438,0.2547973949166,1
0.620375350818981,1.31806069241563,1.01450628009138,4.01567346089716,0.154488456885616,3
0.648297206977043,0.713710509511234,1.08119579389462,2.06939640516489,0.31327825450974,1
0.70215744376361,0.436396778199136,1.13080502274987,1.17586057750899,0.597142943688235,2
0.640934937949474,0.744078252133374,1.10768377332452,2.28070825557588,0.281024394662545,3
0.590844364909717,0.610236111645199,0.926236747654947,1.63592259561825,0.361168679571753,2
0.665317043475052,0.909850750260404,1.07629818419566,2.75830286291371,0.241205130595094,3
0.61195995773077,0.726513895815584,1.03822626318725,2.25125644976349,0.271830286578312,3
0.674240010223875,0.316771351217883,0.986206393848096,0.46308369224347,1.45597559478254,0
0.639626024867907,0.473915039332643,1.04699875080772,1.3501696870512,0.473737158569827,1
0.638365664810922,0.905284271911729,1.02820685102579,2.58840448161027,0.246625062937893,1
0.716318097081909,0.348051849824041,1.15178323839947,0.937389943039404,0.76416152983014,2
0.719673616283209,0.370777581297628,1.05302328569749,0.541728027961683,1.32847526925235,0
0.703465243236943,0.634754347643197,1.1352974192114,1.70674441263582,0.412167648454695,2
0.587624551807526,1.04641215220005,0.969210452522016,3.17037623517529,0.18534846430508,3
0.702813272856525,0.283936179872554,1.02663774077068,0.41488260332685,1.69400108179942,0
0.622477122090221,1.36429623803768,1.02675332909268,4.16354703665499,0.14950641054458,3
0.5934201830777,0.728578077553666,0.957540583659647,1.96565032039368,0.301894937785228,2
0.618835221840796,0.877776592626166,1.02890974777755,2.68160839288907,0.230770082877016,3
0.652356632895736,0.750454903912459,1.02252069633448,2.00907564140107,0.324704702375516,2
0.64302518697538,0.490800835510425,1.01385698667638,0.765161192241077,0.840377626463782,0
0.587872705607396,0.669610166310768,0.956190900843243,1.93391918243173,0.303979818271609,1
0.638793376983782,0.83507278896039,1.03729813459836,2.54362618799294,0.251134828248091,3
0.678783691277824,0.471853634303048,1.03185259153677,0.72146027966593,0.940845628738569,0
0.590106221085052,0.667219503266781,0.939185543517052,1.80387015263847,0.32713324353678,2
0.666440827873469,0.467749676389846,0.984925937470282,0.689684484649216,0.966296729026319,0
0.646867004581354,0.546053075177271,1.0990290773001,1.60113375444645,0.404005348572295,1
0.585843425401632,1.12367695550263,0.967768624271327,3.4218004525918,0.171209064441156,3
0.593191328151058,0.861001867076362,1.00240471448113,2.48258373496901,0.238941019734605,1
0.628461168013525,0.781277720654467,1.03282129015444,2.24283374201834,0.280208414931173,1
0.722492921292052,0.288499306263082,1.08149114867392,0.421352271174524,1.71469636221905,0
0.654685651665217,0.327407805445322,0.96416021974554,0.482139679823433,1.35787266883386,0
0.657917940280244,0.831356728042208,1.07653572994493,2.40272161912129,0.273821844870655,1
0.668237050294374,0.923572378175706,1.12843192110408,2.80907342139869,0.237885135831199,3
0.678850117374042,0.251366959659021,1.01185307538647,0.374442723411734,1.81295632675778,0
0.689995718162947,1.02184729226245,1.16339519465251,3.12168317000539,0.221033160494822,3
0.696759955255059,0.648628654524971,1.14615463426805,1.85411940390271,0.375790026250971,1
0.758527199594054,0.37751613246207,1.11572208583082,0.548245935850984,1.38355027633064,0
0.608911273861503,0.524655787229627,0.975016540036576,1.41101325615807,0.431541546234589,2
0.741793058884118,0.311040262812881,1.09959055040896,0.457858540481449,1.62013236221769,0
0.648812947183561,0.401752333122427,0.972293587199833,0.617288388909075,1.05106771449643,0
0.623668250385219,0.514889846148207,0.994420977796748,1.37346611280447,0.454083133531866,2
0.652863082654699,0.271418597736836,1.00773998134233,0.430399939002866,1.51687188268507,0
0.623880442656481,1.38131038039406,1.063286904117,4.24709811193403,0.146895663655087,3
0.648549798317592,0.419989851666886,1.0060226199016,0.629665719933707,1.02998900495467,0
0.62612156955687,0.533883952183317,1.00888636150309,1.42780039491391,0.438521472094951,2
0.630713930791576,0.586656419326018,0.993075896866624,1.56467236366473,0.403096227901738,2
0.643093052578641,0.387415831575427,0.964630926547186,0.58215079760402,1.10468275667178,0
0.646127135205854,0.304782106166287,0.93934739385461,0.441268152790905,1.46424723124034,0
0.61447640020106,0.527731804686945,1.00238743503033,1.52131706909739,0.403910538291072,1
0.676101367254152,0.912808334633427,1.10400769321153,2.60988469122577,0.259054015096198,1
0.692474923987779,0.643177718862278,1.146039722435,1.7342006249828,0.399304737126312,2
0.63722449261613,0.720855796350296,1.03585463569176,1.93965825653667,0.328523935566867,2
0.586214044469695,0.607544736651356,0.979930941791309,1.88735448358464,0.310600758345908,3
0.62935657105419,0.606681588660366,1.02101706501388,1.8412653281959,0.341806376088376,3
0.742113912475713,0.245540307170746,1.08042459504758,0.356755256890797,2.080170699579,0
0.599837317823653,0.660828153696253,0.985153549715424,1.78135451192724,0.336730828746639,2
0.59535983839687,1.35402359834773,0.980768054612955,4.10452282641746,0.145049672891415,3
0.679980007192004,0.967230657613647,1.12787141781395,2.94676128890345,0.230754957653893,3
0.674209125744002,0.417950686162541,1.09791943288311,1.11921067773756,0.602396435951142,2
0.656965243790681,0.398519866714504,1.0348345868638,1.05273485073677,0.624055163819962,2
0.691917016323273,0.584168313482299,1.11743703905554,1.66902091504579,0.414564368559707,1
0.681164139575225,0.649710801147241,1.10251039814016,1.73762678492685,0.392008084518458,2
0.669722825303762,0.501393709098959,1.12630060692117,1.4394236387513,0.465271197445077,1
0.667636230309565,0.667089491160473,1.0897465798643,1.92040417375641,0.347653838592632,1
0.651894054610595,0.855239301418146,1.09368477469355,2.5115403403015,0.259559356698599,1
0.723907547335207,0.476699931970198,1.05061165057981,0.698342032347821,1.0366073889238,0
0.608430820422516,0.868498741406469,0.994535655268761,2.50123028807401,0.243252522596988,1
0.685235858795771,0.855803611703146,1.11429308084478,2.44017864248351,0.280813693740338,1
0.679275420615876,1.22302691154966,1.11928114406594,3.71710270949735,0.182743198388654,3
0.608359391514126,0.895178719077603,0.991352024019505,2.72099143146337,0.223579964603924,3
0.705312043487359,0.557598088281284,1.12578643579482,1.49136230530759,0.472931069832036,2
0.585702961008702,0.651027774097367,0.954742298383693,1.87248505252024,0.312794298371613,1
0.672315377632933,1.2333587536427,1.11758605910937,3.74754436797524,0.179401531300521,3
0.568351472786002,0.87368118996436,0.95113914702353,2.69472952669056,0.210912173650255,3
0.643891790479176,0.464699051471945,0.948437792576086,0.677831911992946,0.949927008687175,0
0.663043190609797,0.28654563826457,0.967747993369209,0.42052439055863,1.57670191977946,0
0.684839461093828,0.290750944300327,1.02019921708506,0.43328119649111,1.5805852782319,0
0.705407829631246,0.303535991826299,1.05452094038963,0.455269751615487,1.5494248798724,0
0.593417983299639,1.36774740572404,1.00973184346511,4.2057289248651,0.141097501242587,3
0.746274757836866,0.403830084936673,1.12331557499035,0.614046705704547,1.21533677416904,0
0.609016769570566,0.535602458053083,1.0158677230587,1.54428759535494,0.394367200147968,1
0.669635133105409,0.652761724671227,1.05758051187057,1.73438222698337,0.38609410116939,2
0.69804705948476,0.637661341554406,1.12190155386321,1.71058370479129,0.408075120471705,2
0.709793592592384,0.578905839111985,1.12128834157031,1.53537729206873,0.462292319918127,2
0.682341559361086,0.361649575722952,1.01786065120134,0.544310537566642,1.25358643399607,0
0.619226220786168,0.525254781029744,1.04865915284431,1.52115031716986,0.407077332673422,1
0.645880710843743,0.652469474414237,1.08267096800644,1.98770536176782,0.324937688617806,3
0.608282286480575,0.550811247910989,0.952581790315479,1.46993329060728,0.41381597148079,2
0.723731400065737,0.215242825678389,1.09765978126045,0.330984220847802,2.18659732966909,0
0.662695573812393,0.742715680485704,1.04529621655993,1.97139457858766,0.336155554476366,2
0.634914029300608,0.909493302188816,1.06997486283489,2.80702582286073,0.226187375243371,3
0.712507938259696,0.354636425331555,1.04581863440927,0.524267853704696,1.35905067261735,0
0.680083069242673,0.471570663056791,1.07957444218068,1.25798024302229,0.540614633974015,2
0.680172833535,0.79816360187614,1.09931389405893,2.28837209955082,0.297229867659478,1
0.595956946437091,0.780775805947898,1.00000721718479,2.27010248248107,0.262524132065446,1
0.676691491399822,0.400424212249593,0.987707386984973,0.58834267114904,1.15016362813632,0
0.591124630690876,0.859273552227255,0.975235174624277,2.47974134204387,0.238381472408805,1
0.68593876011746,0.688433460547568,1.11610308156234,2.07933304678276,0.329883868914077,3
0.69090024102079,0.707971585638836,1.13662611083643,1.90649030089814,0.36239359744013,2
0.670706302767906,0.558424686576087,1.08714536670551,1.59698191061019,0.419983393880925,1
0.591957907852366,0.865007351010239,1.00798336934501,2.70959876298167,0.218466917490784,3
0.665662338717836,0.517201341553825,1.08000845417658,1.38243946505499,0.481512481401041,2
0.627919324915493,0.632899806318132,1.04386959627665,1.93788982863936,0.324022032426032,3
0.713791637239609,0.286907672710196,1.08403767154092,0.42729486984644,1.67048569296054,0
0.634936700171168,0.723295435554035,1.02414034909133,1.966013226146,0.32295631014626,2
0.657785676693323,0.235016819112926,0.981630370565271,0.349381433659745,1.88270964227676,0
0.667643579052069,0.48539628520726,1.08298893499663,1.31815127370843,0.506499584584224,2
0.586644071482634,0.502055479173187,0.927819548725906,1.3420363236901,0.437129475557046,2
0.620241991289187,0.716772809602694,1.03433271736963,2.10119179059726,0.295185665049271,1
0.656289728692365,0.964543259203971,1.08466945206378,2.79268539278396,0.235003017305543,1
0.624978200459644,0.574792983226735,1.0394905979566,1.65685749625831,0.377206745096842,1
0.632740409866577,0.902352367576878,1.03803727303173,2.74656554312958,0.230375051880447,3
0.763683566089768,0.245856881650193,1.13846006396997,0.370783305460151,2.05964371966074,0
0.598226249079144,0.546087682005284,0.949684167728606,1.45089877403496,0.412313972188081,2
0.740353530771276,0.478000902984745,1.08927678555759,0.704564958129248,1.05079378620144,0
0.63680716228455,0.503812721408748,1.04608619650419,1.45394030758596,0.437986842358765,1
0.659099880174267,0.502817334398147,1.04852227747333,1.34002511443447,0.491855996741096,2
0.708065205040081,0.441297108958919,1.11928462883406,1.18713827421633,0.596446617864192,2
0.600156547183192,1.04174158314963,0.971453914151017,3.16986911539745,0.189331589413701,3
0.583683918783314,1.30609813320036,0.984146640300244,4.02889990062881,0.144874230759117,3
0.665256503526793,0.367945129414395,1.00030000537975,0.551144137170253,1.20704413168267,0
0.659221729962478,0.542419883177125,1.08499362142574,1.56049610391881,0.422443417746181,1
0.620576739415853,0.701500135554993,1.02225466933562,2.05421649015871,0.302098849021048,1
0.634019668826565,0.746983708805857,1.00445870808076,2.00986669010802,0.315453436038115,2
0.620618762680841,0.69429257019031,1.00740625635213,1.97794351784052,0.313769550704293,1
0.605432775509402,0.691905798468335,0.994070038886207,1.99109199311787,0.30407056707148,1
0.591606633216148,0.846708369341453,1.00280596411245,2.58754496639119,0.228636183047698,3
0.695574860318959,0.860320989065266,1.14154324511234,2.44775997747859,0.284167803441111,1
0.667003016229513,1.21065876434695,1.07984076153564,3.64709193162962,0.182886213412576,3
0.606097654021185,0.504237517816785,0.981259574149205,1.3532311795429,0.447888886462863,2
0.692074946401694,0.636280028088072,1.15170672327816,1.84828261550183,0.374441963666808,1
0.687593477212214,0.725449066830299,1.11733473263101,2.08907992583258,0.329136831756856,1
0.596779145909005,0.375828663560842,0.95492279230932,1.00310874197049,0.594929070010527,2
0.71468188551095,0.458481999498477,1.06773039410544,0.693712045115454,1.03022696566418,0
0.637031594874285,1.17222525700757,1.0566575581554,3.57291200106166,0.17829474008603,3
0.611438795195945,0.39691992961691,0.962359235358395,1.06338126238699,0.574994352288176,2
0.632789760195978,0.792260982397241,1.05082195425213,2.12546126174929,0.297718652353385,2
0.596337952158953,0.454018619860908,0.96573259885512,1.22122253247255,0.488311874363882,2
0.680858259038628,0.255044794127398,0.989791846629053,0.372330723072433,1.82863349225329,0
0.652758951101571,0.778560331677945,1.10730985342668,2.41828565580456,0.269926209754649,3
0.605482437249965,0.413427173869933,0.979527192484207,1.10559572036457,0.547652164751635,2
0.585004348840857,0.535285598423225,1.00649697061718,1.58760767020713,0.368481452526039,1
0.701333023924894,0.425962162116281,1.08384749119976,0.65484951111814,1.07098186840747,0
0.642255371181826,0.885463856249368,1.0469563895301,2.69929662301465,0.237934255824868,3
0.715642671574796,0.447795712966292,1.04389172148384,0.655688758708044,1.09143487765446,0
0.75330757253691,0.415497302735506,1.11232508717085,0.62107673359069,1.21290384728776,0
0.644343107145138,1.0956270890007,1.04657115935511,3.31128674231372,0.194589886862237,3
0.623282728628121,0.822704374755445,1.00848252818233,2.35533448554665,0.264625881303471,1
0.675171422774187,0.436459568189035,1.06489434286485,1.17124164721335,0.576457341594052,2
0.626726281596266,0.939392156742905,1.01342630465875,2.69396103412802,0.232641096517578,1
0.574641372584192,1.02992012388252,0.952529442957815,3.17431645263029,0.181028325351655,3
0.673048844111817,0.418305897775608,1.15130606903076,1.14448535292053,0.588079396835368,2
0.714606461791498,0.515854752978953,1.16720253454798,1.38068177782992,0.517574690773413,2
0.774913408212594,0.248002881111008,1.19916526158511,0.379166799072435,2.04372156630462,0
0.589958538910074,0.74270132695299,0.972415099586949,2.00207110659972,0.294673971514466,2
0.606818122224761,0.578395300864139,0.985678207738713,1.64793940488184,0.368228195890537,1
0.692158175686363,1.18529718364724,1.12901265577401,3.57605391814933,0.193553564340832,3
0.691902510287722,1.1608267772958,1.19472870868973,3.65145782353435,0.189486598021667,3
0.709093886567057,0.534965355899171,1.12589235263955,1.41495765946192,0.501141062903356,2
0.758838848779882,0.356667192376757,1.10284143382123,0.515319338320526,1.47255753819654,0
0.666077810473125,1.05169397965981,1.09988993430401,3.22431625661217,0.206579488760663,3
0.621729047939092,0.377131624725812,0.990624259631844,1.0090339925831,0.616162028580877,2
0.649357000418643,0.41438661360669,1.03877860056157,1.11541438651144,0.582166077562873,2
0.772121264614349,0.411385107149991,1.15937640464474,0.613535445195199,1.25847660829455,0
0.603672149489426,0.658342678965693,0.946090535897567,1.76571301631492,0.341885573717822,2
0.774973181946928,0.325774409090382,1.16641659254407,0.500417781205739,1.54864927347383,0
0.736079771699768,0.250821247886907,1.0690577350968,0.365553497636275,2.01359790799829,0
0.573967788454029,0.643962543477216,0.937291126134309,1.94921983153911,0.29446011409637,3
0.597924920453272,0.794316635748426,1.02065316492078,2.48192723156103,0.240911446531716,3
0.670912486768841,1.2210319480916,1.085262737108,3.69366434798915,0.181638676913188,3
0.650414272348398,0.682817816047926,1.07802331568817,1.97618686856449,0.32912572872986,1
0.718338976997035,0.282864429437424,1.06314915767043,0.420756623516831,1.7072512459618,0
0.663702304898336,1.39380630646782,1.07846343302229,4.21834084356891,0.157337249922072,3
0.637850780758554,0.371551346755907,0.951084378212558,0.55608525855664,1.14703568186371,0
0.667654911308211,0.655736248428276,1.06967656718572,1.87829111106963,0.355458507956999,1
0.714765767770872,0.671930566360347,1.15114721196934,1.7822582294199,0.401044784042732,2
0.668863225825657,1.11084753203491,1.10221363063882,3.35509079439068,0.199357653028724,3
0.664119196961387,0.761637468595749,1.06286741372172,2.03913906697105,0.325685914233383,2
0.661186183684326,0.71514172318918,1.03912952238256,1.90583398483383,0.346927299029499,2
0.672174185435435,0.333929457721843,0.99079502160045,0.487466206137652,1.37891160055929,0
0.607912414354318,0.747828859021291,1.00679241233329,2.02526166421595,0.300164726825527,2
0.636277441394354,0.675620999690536,1.00856822951723,1.80194205635081,0.35310629775555,2
0.722687168890463,0.339906181587772,1.05261305861586,0.493289293532706,1.46503423717286,0
0.657183229179655,0.913279573379535,1.06230114199259,2.6089179087676,0.251898679936394,1
0.653224542290402,0.416316324115311,1.06823923508645,1.12405492143159,0.581131712253658,2
0.605612840148659,0.861759927178772,0.989125620235505,2.61894526426606,0.231242942404692,3
0.595116563135662,0.40189762590705,0.96750781668952,1.08503990690577,0.548473849555376,2
0.650827142375401,0.717586220947441,1.02667170330631,1.90875493143928,0.340969283529429,2
0.648600348337862,0.666821327558995,1.05067678549029,1.89977832980646,0.341408256296765,1
0.751681177806895,0.304894919402847,1.13988294723154,0.461100765518484,1.63018499172665,0
0.612537210477405,1.21349104923168,1.00503575442987,3.68302620169783,0.166313517911307,3
0.633809502287636,0.734501693619347,1.02592948736805,2.1002577273513,0.301776868741764,1
0.58677319413393,0.485267280423618,0.957644229504524,1.39719490188048,0.419964869167018,1
0.719078144245253,0.324863539186348,1.06281482979266,0.482799246844773,1.48939058947177,0
0.572519060712311,0.632697050775115,0.935311728793265,1.83343875307636,0.312264997937167,1
0.649868432058999,0.325598773937886,0.986018389894561,0.488248059741701,1.33101829710189,0
0.692543975575316,0.336124719092607,1.01551695723687,0.498493921384091,1.38926987190249,0
0.677099598165346,1.22054833349653,1.15278029447055,3.7772102725936,0.17925912777985,3
0.699783601312231,0.348523350284283,1.03035918281566,0.516062855362517,1.35600196378926,0
0.591117023062825,0.450942705527379,0.992581733342534,1.22688578346938,0.48180242140295,2
0.70852166656416,0.415246030669003,1.03195505521984,0.607745395159291,1.1658179665195,0
0.635863764872709,0.672440434374149,1.02517714419819,1.79013787053614,0.355203596401586,2
0.679669031834602,1.37012808916811,1.15539727581245,4.25794314920034,0.159623754567623,3
0.620562189794943,0.672446495956467,0.978586861287341,1.78973619625326,0.346733694250789,2
0.732019424398277,0.486227654874411,1.09849459626117,0.73271255337554,0.999052659836761,0
0.64081291165293,1.250093847782,1.09773626832161,3.87754196144484,0.165262620691674,3
0.657936019587112,0.49466238667051,0.997357870285431,0.750314144091108,0.876879568230095,0
0.584360191095003,0.771119311014381,0.950732094651857,2.34483547387343,0.249211489844193,3
0.642422041224156,1.38850875705364,1.04671841994634,4.19732264503444,0.15305515980026,3
0.690499205588167,0.961182429440172,1.1302066589596,2.75723336884,0.250431814354131,1
0.670728269703007,0.513491893360082,1.07613205443257,1.38186830711769,0.485377500063312,2
0.651935621160521,0.774641862853319,1.06672077725533,2.23986684897203,0.291059859383991,1
0.654293920486556,0.443657783706731,0.975401253781383,0.664268180638142,0.984983105580778,0
0.686487599114993,0.63422036664543,1.12371364814291,1.80878652343743,0.37952915432012,1
0.63815892045375,0.484869112408524,1.00883269726261,1.29693177514965,0.492052427605675,2
0.677657147947601,1.04936228704095,1.11115097856045,3.18109262509935,0.213026470708304,3
0.59705705457719,0.523812200040674,0.946125565527789,1.40086266107271,0.426206397644716,2
0.659581017530362,0.446120852183417,1.03267684714765,0.672808895953973,0.980337865862016,0
0.59564841974525,0.672173883631921,0.97541704506158,1.91820131126762,0.31052429467235,1
0.594429796354443,0.509005731867726,0.993036924307597,1.47172140509934,0.403900758930364,1
0.597330818565276,0.790008997024304,0.973624913707197,2.27004258446595,0.263136277493898,1
0.687925565986275,0.726630146141634,1.12179446815168,2.07666937395926,0.331263726113026,1
0.575470024078648,0.933272724672398,0.933542522296027,2.83604184338842,0.202913022072365,3
0.624876202905767,0.425086007107722,1.05899044012309,1.24127717364598,0.503413510502911,1
0.731921211951236,0.25153149348076,1.09650345858166,0.376834359079482,1.94228379666691,0
0.603086681226543,0.867231565920526,1.00791620424156,2.50742877614872,0.240519868976292,1
0.761888136749945,0.235992964310121,1.17558231335279,0.360240077031038,2.11493964827421,0
0.608366551901626,0.435271548463155,0.985849791305636,1.19935439902307,0.507244601889623,2
0.665734674366068,0.312313758896776,1.01003034303893,0.46694186001093,1.42573049377066,0
0.688689055144078,1.27138776230464,1.1385412913657,3.87791008992972,0.177592791369685,3
0.663932750240698,1.11737660246999,1.12526630848828,3.45487939568913,0.192172426886073,3
0.596690666933567,0.984678033137841,0.98130631168667,3.00527529023299,0.198547690564353,3
0.664816490937029,0.855026540933187,1.0779342642456,2.58427819448545,0.257254128097176,3
0.596704923353601,0.618091506760223,0.931823767099566,1.64638408259563,0.362433387948862,2
0.736548531559737,0.250226723457839,1.06736105191797,0.367227131575193,2.00569746222975,0
0.635426994533148,1.38957287164083,1.05588363081133,4.21531634272169,0.150742386129077,3
0.688386483270426,0.646689690221024,1.07785716369292,1.72265490504547,0.39960765307466,2
0.701128836529918,0.259176243434777,1.02182409122644,0.378108203182953,1.85430248887824,0
0.610094456035913,0.661614692866341,0.972675156709065,1.75851399956601,0.346937305730393,2
0.682254019119949,0.96471408738814,1.16444836838759,2.81124260248266,0.242687619997583,1
0.64491242972941,0.625068102975896,1.0563455338076,1.89215527543443,0.340834654146811,3
0.590654282301869,0.410345923557308,0.935990540770884,1.10252634338385,0.535727558909374,2
0.633793279748697,0.652566192051036,1.07058605136153,1.88078985197343,0.33698232798383,1
0.741907162620512,0.405790009608574,1.08894794571025,0.597699151241613,1.24126982581372,0
0.597217902166046,0.936510786936574,1.00471905373495,2.71717109910451,0.219793918229496,1
0.681588268679956,0.285107152381246,1.02288973286716,0.421718096396721,1.61621390755985,0
0.598959981001406,0.652041956075536,0.995940356193715,2.00836293355878,0.298232790876732,3
0.642845338748804,0.771853165673276,1.0461813888318,2.33787339194155,0.274970007355672,3
0.710990965244413,0.377150477238038,1.15877828431406,1.02178890842757,0.695828916864676,2
0.632009253929442,0.699117358997243,1.06473213211031,2.03095585620518,0.311187927010102,1
0.678150074286527,0.779971407389901,1.07751794297765,2.07779809370911,0.326379040370044,2
0.641205208354421,0.356689510295332,0.931003330674957,0.527375287427409,1.21584004370443,0
0.722262017098975,0.356957847076894,1.0876318217257,0.532337727924859,1.35677150507998,0
0.693147843058944,0.431765994155901,1.00880174648809,0.635795365915417,1.09020416003944,0
0.57289219296035,0.826646370849192,0.926468285548121,2.35536643145045,0.243228375034276,1
0.695365666292598,0.275925331449849,1.07400440246504,0.415918681689483,1.67187487610106,0
0.664549837653121,0.446880942677428,1.03342049467126,0.68945630886163,0.96387380206378,0
0.650209085210233,0.433038320347501,1.05531442585195,1.17265211283315,0.554476919128554,2
0.771571311349936,0.41029881798014,1.20635331027388,0.64806871648466,1.19056837825286,0
0.764792338551892,0.22571036014587,1.1400585682958,0.339916811013552,2.24993311257056,0
0.775073880737121,0.422872268719066,1.14341989677758,0.617180006830149,1.25582912007923,0
0.612582378967402,0.916034117326665,0.991664068312318,2.63239711034002,0.232708865942878,1
0.657229548740438,0.713151986618405,1.06216575538934,1.95726910461432,0.335788886363205,2
0.69486337685653,0.489356663677712,1.05802420926979,0.735436411253811,0.944830064698357,0
0.618721858373332,0.880818489521102,1.00150921575889,2.52664369733245,0.244878854168359,1
0.576579787788666,1.28112171422667,0.957043168222715,3.90187669190869,0.147769826046654,3
0.637192273149862,0.944624010133777,1.05699769523058,2.87783280903252,0.221413853416392,3
0.698192377830273,0.441422549596358,1.04368719853835,0.65838537191529,1.0604599481596,0
0.644044340894713,0.844564638253751,1.04376661762415,2.41588354881956,0.266587383577333,1
0.575536899294165,0.816423956711028,0.936837559540356,2.47931468486228,0.232135384295015,3
0.673947531084345,0.451306126466192,1.07759250324824,1.20212822465894,0.560628189765166,2
0.615928548440132,1.27313780196481,1.00707963930353,3.89613581881028,0.158086991572388,3
0.675469711513786,0.903662215764944,1.1029787266003,2.58457208604735,0.261346724981493,1
0.700019071483551,0.31736382514472,1.05427910995832,0.467557304379452,1.49718027661304,0
0.655739310866192,0.405626879228818,0.954870551561628,0.591262827386365,1.1090468932707,0
0.722861101590767,0.262624449150074,1.09493205690584,0.405546382196588,1.78243315904419,0
0.687830272111973,0.267683195115863,1.00728914813496,0.396303467085328,1.73561069641912,0
0.590311467696301,1.30558319039168,1.0012823783383,4.1032925713312,0.143862840285345,3
0.629602680105403,1.20396682732485,1.059133011263,3.67330686442368,0.171399377167147,3
0.622660798126006,0.934224766914253,1.02362362990249,2.84609949154738,0.218776814091858,3
0.585396199326881,0.628119264418354,0.962051776592446,1.8318522851067,0.319565002331932,1
0.605660168804807,0.784773427830422,1.01016151999268,2.30412585749103,0.262858864231248,1
0.7065576885793,0.651740979172871,1.11738479235168,1.73057803114299,0.408278198143106,2
0.687996055520125,0.490174063439361,1.12248382060022,1.40384034435455,0.490081061002265,1
0.754494466847586,0.416466655715334,1.1114449141964,0.607813572959113,1.24132342397513,0
0.581348761596486,0.529027223643901,0.937489963744834,1.50822483026783,0.385452065552577,1
0.689116701471011,0.4132819357268,1.02856358501538,0.614862616793193,1.12076350372638,0
0.584721310612176,0.660541505833542,0.98695084834019,1.88660969990208,0.309932150094624,1
0.692508510382361,0.450572133254474,1.0219304167861,0.667207682042193,1.03791891355899,0
0.640435974978579,0.692274002747711,1.08564743905432,2.00952216157898,0.318700469456325,1
0.693585321046653,0.364551975083829,1.0787316273947,0.55059376877999,1.25970198115667,0
0.668530029107139,0.40118385629469,1.05393549056022,1.07599881257203,0.621310544198988,2
0.619229853066653,0.842376532732038,1.05115331144968,2.41729652626011,0.256166171660585,1
0.620748746174377,0.644034328569823,1.06135124749929,1.98464573147513,0.312775435713434,3
0.706352952083903,0.714835878015915,1.14065283393548,1.9191139163927,0.368061832071845,2
0.688119349178957,0.919707160567579,1.12812701341435,2.78481327160005,0.24709703487105,3
0.633951500490574,0.632227994713309,1.03862123213281,1.80841967293172,0.350555327075998,1
0.593084768541267,0.655457047630873,1.00811298391717,2.02044007905261,0.293542224363883,3
0.712171466025469,0.317085507516913,1.03596874127233,0.460453834694201,1.54666953708595,0
0.611562849563272,0.427822295093619,0.998286921019886,1.25566058178157,0.487044326621482,1
0.646459703049197,0.951757295966418,1.04897663057715,2.9071397171525,0.222369594713803,3
0.67307974680128,0.362341146018167,0.997483714153099,0.538463694847775,1.24999791674654,0
0.589801725567615,0.95340750569925,0.969218230214891,2.90954330494149,0.202712749404061,3
0.697436949333927,0.299497825494833,1.05251147875013,0.458087687628943,1.52249328169147,0
0.634454021055079,0.633704544242968,1.05190219982222,1.71243374720723,0.37049821728378,2
0.586670950377145,0.406381229569643,0.933234864677899,1.08618813316565,0.540118596719266,2
0.667709457104798,0.808690859368068,1.09913568703759,2.45577287737594,0.27189370456952,3
0.770393031311336,0.285284978040952,1.14742484667769,0.425902783943952,1.80884288976573,0
0.680001948846993,1.00070340898053,1.12085888572684,3.01841571197816,0.225284317486218,3
0.676393156102201,1.19837745069452,1.10196422408639,3.63347345418754,0.186156023561048,3
0.69004813079786,1.11089567954076,1.1234152056893,3.35490428967094,0.205683341619918,3
0.761708574299169,0.443932150822917,1.14483017409768,0.653972645988087,1.16473894471436,0
0.694065371018262,0.465592794458607,1.07309693594388,0.714472939958094,0.971435530677258,0
0.663624275152984,0.749780029820236,1.10809795979392,2.17020799304413,0.305788187810485,1
0.593590854443214,0.622700196694926,0.994787647443958,1.78767704165964,0.332045726697038,1
0.602352282303485,0.931902082985927,0.979423283198878,2.67319308139937,0.225330546141328,1
0.638652440035487,0.615098829034695,1.01818953451647,1.63551765438794,0.390489242248655,2
0.613796394843485,0.598450727260458,0.989778070522361,1.71041358405293,0.358858256101312,1
0.641752027043554,1.09345025126984,1.06153349253375,3.32690531414269,0.192897534960772,3
0.738927639932003,0.241657863515257,1.08038899654536,0.350313383380361,2.1093271500922,0
0.685872694801434,0.413956535746454,1.04098180703403,0.622342546927354,1.1020805119419,0
0.614623535855283,0.931330391150592,1.00659571267667,2.81814580742307,0.218094931831212,3
0.628373765539546,0.96408380290386,1.04068060111999,2.82674255170705,0.222295993267615,1
0.604843305409864,0.933275494022897,0.983362213783835,2.66736966946116,0.226756375607913,1
0.68196103780372,0.36419334479889,1.07292610390435,0.970137815086468,0.702952017998513,2
0.762364836377527,0.313609766376087,1.16842879974725,0.477448322537963,1.59674503741056,0
0.774283695626422,0.339233013096697,1.13657136548395,0.505822195027809,1.53073979848602,0
0.716210130557592,0.48635136755807,1.04997716652998,0.718541611949391,0.996753871860889,0
0.645870567249403,1.16597771472304,1.04995527278621,3.56831937716917,0.181001283231689,3
0.654294217536917,0.630703124664058,1.07265483896428,1.81633482731933,0.360227556873426,1
0.652288524303593,0.376962764163678,1.03812658004159,1.0179791214775,0.640767447754146,2
0.588117586957547,0.531917156850929,0.936675825191447,1.41323914569346,0.416148372765738,2
0.63487428860541,0.637153944208737,1.03848118637261,1.92497265914048,0.329809338216549,3
0.666574250825595,0.667340328532622,1.06232589775433,1.78236851495964,0.373982075675642,2
0.596012966921886,0.971516781716154,0.989479057136391,2.95745995527294,0.201528600355395,3
0.69280998832222,0.453517699506747,1.03451389874959,0.672537963926654,1.03014104086581,0
0.60555171948187,0.857712606820318,1.00722816472598,2.46695642574768,0.245465006068494,1
0.680545821199329,0.685262488450373,1.11556814215923,2.10139243550326,0.323854547987748,3
0.758229715463614,0.292181285170121,1.13267660662975,0.434965250597492,1.74319206242339,0
0.594961527617321,0.623366386468067,0.974299317230998,1.79567577188651,0.331329968139123,1
0.697990094580237,0.544709187073611,1.1543795832019,1.4793094428186,0.47183476461528,2
0.700624776543046,0.370549057660067,1.04765743754932,0.546307556006037,1.28247081038816,0
0.596181837481084,0.79292775692196,0.935734694811655,2.10812043500927,0.28280241715699,2
0.680252670817245,0.697124460681002,1.06895212031438,1.8483884954258,0.368024527568817,2
0.602187766566901,0.541138868014977,0.981116783491285,1.55756078785107,0.386622072564918,1
0.67530097937164,0.628418359065281,1.10129087897347,1.80375924949168,0.374385109973427,1
0.676795647529702,0.798143465402873,1.11575779802037,2.42830034590921,0.278711556401289,3
0.630236746651365,0.976519991531376,1.03118848734583,2.95436471269158,0.21332387657491,3
0.619368085206561,0.787110376349829,1.03463522553391,2.38188673732859,0.260032442125595,3
0.644891781021515,0.2504868038608,0.956363822177208,0.371127828038034,1.73764938830197,0
0.665000696794027,0.381605362568732,1.04244298067778,0.583629718030212,1.13942031536387,0
0.673501100668236,0.315698492821764,1.0435451559512,0.506452024803391,1.32983923026167,0
0.669188795062209,0.683037847838088,1.07650205123633,1.82392484051467,0.36689473891843,2
0.589209484316505,0.453287369757623,0.992642686801742,1.3155881997657,0.447867377158037,1
0.621107552461401,0.769992126821927,1.03178644363647,2.088664830008,0.29737047618528,2
0.60947024587988,0.799852184552466,1.04373011476003,2.33762546412317,0.260721828416025,1
0.718857444516871,0.405548474381926,1.09587536639662,0.617684481343608,1.16379203693309,0
0.657657706334961,0.292809599902126,0.990903869667444,0.436048832413023,1.50821685378389,0
0.612872056845081,0.69289572289804,1.0088309086424,1.89754292282824,0.322981749972677,2
0.745700026891278,0.226952098135062,1.1020128471542,0.337262483850738,2.21103102647573,0
0.60929528093533,0.832626718236943,0.983096340064297,2.54011307546306,0.239869258952182,3
0.602263799614376,0.469070258945332,0.989583479587882,1.26568650837386,0.475839253867771,2
0.578105459413989,0.97053766589191,0.933141035385322,2.79344944144804,0.206950318801545,1
0.705202194904494,0.323597062018731,1.08266290292175,0.489188436281839,1.44157281944699,0
0.70200199515744,0.55687443219496,1.16399344051828,1.49180924748421,0.47057056776577,2
0.69320445233097,0.705760977120237,1.13582866939589,2.14632165822951,0.322973085930514,3
0.678331425409919,0.692366420623572,1.11608544733182,2.10342273381247,0.32248919440518,3
0.681943399833054,0.478344130929269,1.08965300259796,1.27980539667443,0.532848875896448,2
0.674521157219616,0.41027009769793,1.08528439398127,1.09747983411101,0.614608598396162,2
0.602947140677649,0.609215372785391,0.96963491182725,1.62136116637329,0.371876902756611,2
0.663620391312433,0.750271952072395,1.09874556088402,2.29511366915391,0.289144764848318,3
0.575249065915066,0.460189434360856,0.96579067680732,1.3473908011281,0.426935257757572,1
0.642594645998322,0.461898803215777,1.02335554003504,1.23505073753965,0.520297754714663,2
0.77660718321902,0.254564392261163,1.19192213150369,0.374356509502869,2.07450675759202,0
0.660173007495022,0.414416184238327,0.980089245889077,0.633783544262945,1.04163633125949,0
0.652520887572545,1.20663869988551,1.06580162613832,3.64397480760836,0.179068391785183,3
0.630709410975357,0.625260423071909,1.03576039411481,1.78424332126669,0.353488254639698,1
0.775071414321643,0.459782326479315,1.14478605752673,0.669667320353804,1.15739596866722,0
0.589350949677528,0.485528708463245,0.959502512279406,1.28825187100734,0.457480796620844,2
0.606528913920138,0.875914691886829,0.983769319480632,2.65541863155942,0.228411700625994,3
0.66934113874674,0.745727829055185,1.10500779712584,2.15056811482768,0.311239073476776,1
0.612327855346692,0.636968064810827,0.986611718638148,1.8186444291682,0.336694468050738,1
0.68415276699668,0.567884960632864,1.09634086104933,1.50954978349317,0.453216131896879,2
0.76793158849564,0.299560744689753,1.12894439376296,0.44525939495872,1.72467975411744,0
0.6344253683662,0.666601976297854,1.04987353874747,1.91005403338747,0.33215030838198,1
0.621845463603598,0.409107732224225,0.992723713373881,1.09670797441861,0.567010463220887,2
0.582457323675869,0.763221560153495,0.975675498653594,2.20304942454912,0.26438674175834,1
0.609144525309377,0.603552303936708,1.00652546317597,1.63193776613245,0.373264327039056,2
0.664315311091759,0.235222981520114,0.96761669691339,0.344993527757543,1.92558216911379,0
0.623783093018538,0.768635524229183,1.01327969201967,2.22923763053793,0.279818896224679,1
0.772960758165084,0.401000863431199,1.1871942018461,0.60914340440237,1.26892860310099,0
0.621022044655314,0.432782038756471,0.998097973140725,1.24097184390876,0.500431615166734,1
0.7550166132178,0.491133224403945,1.11865420584297,0.739749914665269,1.02063626857351,0
0.70610914868681,0.370891270953812,1.13353822952258,0.988517550664588,0.714310468136474,2
0.678102638815928,0.426079784852903,1.06455560684719,1.13306291592557,0.598468126365142,2
0.639910377749327,0.911256663725804,1.06152717738468,2.68092341052713,0.238690197767831,1
0.681083150764652,0.632365407312306,1.09346625982068,1.81073303713143,0.376136493155906,1
0.627406440737851,0.626435790523002,1.03750783161531,1.92205231021984,0.326425098305983,3
0.681509067560566,0.499489296689269,1.10205624051396,1.42892357738935,0.476938446118468,1
0.597730400072881,0.692556363035724,0.97862681303395,2.09632953119169,0.285131753403931,3
0.648281135851173,1.32906620440274,1.07312288721558,4.03883525215763,0.160511864155138,3
0.640680507833798,0.63922867380998,1.03396897178692,1.83214210643678,0.349689118488031,1
0.666341329701014,0.540073758428689,1.07971914991006,1.54396774892068,0.43157695398098,1
0.658602545798369,0.67837711065084,1.0676741200632,2.05206367616199,0.320946290557549,3
0.616085110583835,0.786104631702044,1.00414209523959,2.39383146028478,0.257363504257329,3
0.668168039748687,0.674693280871697,1.11842607009691,1.95591658536702,0.341613595965143,1
0.742075372449342,0.264333512771985,1.07852912003327,0.385283276631965,1.92604634410813,0
0.690247609751513,0.361935418019732,1.13979749634701,0.977340276325894,0.706250341074667,2
0.763948987960983,0.477618212934741,1.13531731235231,0.71627625009944,1.06655486804157,0
0.610470867561543,0.534393910802536,0.987837298972128,1.42367967206262,0.428797608579666,2
0.672976849847325,1.15808435265705,1.1363222886388,3.58319917876851,0.187814472056266,3
0.705100794483789,0.410340618545322,1.11746801750035,1.10340203800609,0.639023792936032,2
0.590182921099388,0.623315017275579,0.980928977110715,1.81863016176886,0.324520404965103,1
0.669533398226328,0.474865082328638,1.01675163301565,0.702454354339499,0.9531330270176,0
0.64945226782615,0.415436050526473,0.997842189581449,0.633398930220818,1.02534313131316,0
0.609237762723135,0.651990812219048,0.981980259224972,1.89317394943946,0.321807428787034,1
0.754588067443962,0.406008514263874,1.14480267864773,0.618761499749302,1.21951163451194,0
0.703818232592851,0.363344004141085,1.08219451650509,0.557291798009508,1.26292361054492,0
0.601538332332517,0.704073475560676,0.948820631765767,1.87147306643259,0.321424882728496,2
0.728995540409873,0.281652598866452,1.10688691211987,0.436834841304221,1.66880890137901,0
0.626281432833653,0.448639483341226,0.993368303441635,1.20516762587112,0.519662908068953,2
0.634866775621293,0.859488431315035,1.04741841691653,2.60800262380793,0.243430173879256,3
0.68729686932226,0.339679094478072,1.01289483385512,0.499839281008442,1.37503297640522,0
0.624307148120104,1.10109071251577,1.01000054930892,3.33372456482659,0.187270108465745,3
0.629214442378171,1.16483428768961,1.02759772787854,3.52499860531878,0.178500571015318,3
0.630835620508454,0.800568333589836,1.05656222894357,2.34428560146994,0.269094922145142,1
0.599610410201006,0.794901456835299,0.958681219917435,2.14040980096261,0.280138004317368,2
0.673226122638796,0.382031113292563,1.0881282466665,1.03894401052142,0.647990139825514,2
0.671833445930468,0.736068642212146,1.11517967836807,2.25048547404266,0.298528097671087,3
0.701219700227314,0.583165376528582,1.16619287364613,1.57847382339963,0.444238761260104,2
0.605002223968049,0.950427160229995,0.989104557258726,2.89102364853715,0.209269133791086,3
0.640245585904293,0.964736717820369,1.03302129369157,2.75325549419212,0.232541206115327,1
0.686860019540957,0.695408513019885,1.12371263901491,1.99120828139816,0.344946172136496,1
0.610720684476353,0.43747283110152,1.01757706037028,1.25306068357906,0.487382778102335,1
0.659824761393205,1.32595654817767,1.09337428152138,4.0330552279267,0.163604156278378,3
0.690279852416703,0.442998317702455,1.09451500366022,1.18878981328251,0.580657122097614,2
0.625982863696385,0.343546382493028,0.981882091697957,0.918358989881254,0.681631245474148,2
0.610065434527312,0.72683642316494,0.970709858152135,1.95630698436203,0.311845291949907,2
0.643353427527004,0.609793966612245,1.03862753491065,1.83355298482422,0.350877821352329,3
0.69656554018609,0.519696213767293,1.16242732328614,1.51052311383719,0.461141622172851,1
0.636713139083803,0.68256692891129,1.0331540268456,1.95501929564865,0.325681089091993,1
0.647354108615214,0.532908533451571,1.08153141810579,1.53027399667403,0.423031226428063,1
0.663007906061589,0.22546937280904,0.966745111366535,0.331642874067333,1.99915619706872,0
0.637468915956267,0.291880109946722,0.941313313623451,0.431678336132394,1.47671862560676,0
0.663731155387639,0.472008075982172,1.08225631291705,1.36234047865079,0.487198816000945,1
0.69519593489758,1.18077827059381,1.1613563327608,3.62707746619344,0.191668292091617,3
0.623542565179479,0.831560193667518,1.03631910836345,2.43151610414809,0.256441776253901,1
0.652388128835953,0.735498413429237,1.09022611563051,1.96698230062273,0.331669378499254,2
0.581388805726153,0.776539966226431,1.02098330744334,2.4202348510066,0.240219896537912,3
0.641858322048041,0.705894550072601,1.06270240241697,2.16414342787473,0.296587563094561,3
0.651729783741741,0.283385447173664,0.958988839440358,0.423273823241509,1.53973198488558,0
0.68254561298275,0.7279025780069,1.08351973805151,1.94030547363324,0.351772063979501,2
0.703078535267575,0.53795250073245,1.13664956304115,1.45557010047643,0.483025896184286,2
0.64284608001167,1.22345216471071,1.05815044429689,3.70478456685778,0.17351775653696,3
0.762484238793953,0.34044537848529,1.13059108259717,0.501835317233988,1.51938831967483,0
0.684675655230895,0.578967993713123,1.09357075096159,1.54190735054474,0.444044326622271,2
0.588444523928255,0.780644346254422,0.968363387344266,2.3961131748888,0.245582839956098,3
0.596749821380508,0.949643118606432,0.985264341803457,2.72897004198801,0.218672097357906,1
0.639021820164004,0.639463027559612,1.06332544544559,1.94885805155928,0.327895349667655,3
0.598526216181247,0.980141904677363,0.987152099041572,2.997980133397,0.199643089649153,3
0.656105911507611,0.441256657124136,1.03124418867575,1.16723276358911,0.562103266692832,2
0.595513000231902,1.02393611913646,0.967439443143584,3.08444257419671,0.193069831205129,3
0.594088410060099,0.440506388231399,1.00096085281364,1.29731444259801,0.457936744258879,1
0.761774095013995,0.397213003403633,1.1276055040626,0.584690080851381,1.30286594060022,0
0.680513974129249,0.721475585199742,1.06147214449151,1.91406665449367,0.355532873946018,2
0.594722123186466,0.732824817260399,1.01365956337429,2.12691719799178,0.279616829527341,1
0.670654602581489,0.401909263591536,1.00431570622493,0.614978951663537,1.09053083887914,0
0.630693302354855,0.740631044985241,1.01836044842109,1.97508661166835,0.319324215608902,2
0.661555962990479,0.555475214451224,1.06212705501568,1.50513675502645,0.439531837389098,2
0.640910579088281,0.430441236444654,1.04546908538394,1.2315681657995,0.520401611932386,1
0.633269189752667,0.644535575834243,1.07022070162308,1.89003367879939,0.33505691554556,1
0.595188360564723,0.738646434978534,0.974713618685185,2.26672475352189,0.262576255482146,3
0.599143629669237,0.566553056405891,0.980516070781193,1.52530309095774,0.392802742234194,2
0.656774259197277,0.287879269154015,1.03287293693132,0.434303072686968,1.51224522287789,0
0.612440347681474,0.744237482354629,1.01106477749759,2.16822859674319,0.282461021933007,1
0.669379180207927,0.647578871787807,1.10423746238305,1.86644024257692,0.358639299720865,1
0.767156081378505,0.264113521517874,1.13096204369126,0.388696656392344,1.97365759417945,0
0.673926261183875,1.37716249145411,1.10061540275144,4.1921032696114,0.160760853700413,3
0.590471834385559,0.64666104520463,0.947211950029996,1.74182128462107,0.338996601202639,2
0.578615554521112,0.584043131715492,0.942545710817414,1.68077721175253,0.344254554512457,1
0.712253813890633,0.451783519248654,1.05446578413967,0.659201742749515,1.08047762501692,0
0.652720763150841,0.456070604273874,1.08549627102862,1.21685621281886,0.536398811853043,2
0.721821667512608,0.401611535838082,1.07312088211732,0.599416786968341,1.20420461855719,0
0.60743560118009,0.819446571757917,1.01229101932161,2.37985280464394,0.255240721087475,1
0.625139948686857,0.725676378018055,1.00911875526052,1.93818757506944,0.322538248717341,2
0.73234184756966,0.313849506380871,1.07408890488163,0.461383955891627,1.58726858823216,0
0.702623059913339,0.446983470224388,1.03525908412609,0.657735224138445,1.06824443314444,0
0.58122308400564,1.31159594757635,0.963691798196465,3.99699210019124,0.145415083147837,3
0.679165654399311,0.359535810302265,1.10872314320313,0.967063987447344,0.702295774549785,2
0.687595308465163,0.755707886431383,1.0812042607943,2.00455845032081,0.343015672772948,2
0.738900286765262,0.242861435654932,1.11994622508097,0.358279184725641,2.06235320362773,0
0.630327541707845,0.765953191072981,1.01245433126824,2.10502147095215,0.299439816156801,2
0.620754737420045,0.491904929805593,1.03536302179944,1.42305856580786,0.436211352170384,1
0.667833395475389,0.60663952335374,1.08778792976971,1.74904168218164,0.381827957818832,1
0.664877963531779,1.33538486238627,1.11387683468129,4.07139348138495,0.163304726813308,3
0.584537230477619,0.772388874540217,0.976577013863027,2.37923196132039,0.245683058355589,3
0.677896412621284,0.724400251291097,1.16389310860629,2.09621886997231,0.323389937444987,1
0.644932802666525,0.564495155723295,1.00753361263322,1.49351053720409,0.431823113917061,2
0.628045694595269,0.700820809202866,1.02654123623031,2.11456044240516,0.297009905695108,3
0.686059081422323,0.457085920169703,1.12984952544777,1.3179812022241,0.520537439932495,1
0.613223140008869,0.407407790498227,1.00606179870005,1.09935831024175,0.557800470051982,2
0.58301572930874,0.806287518691187,0.94484263232953,2.4392259566459,0.239016598156338,3
0.698457796308915,0.454077095057486,1.10097361620888,1.20657257316992,0.578877087846304,2
0.673758674290461,0.919968386364141,1.16467326084094,2.80820321266806,0.239925099197229,3
0.621226722554668,1.14636309590241,1.01338910561627,3.46511141021739,0.17928039526882,3
0.614780181822798,0.622681743601204,1.01133716451635,1.89900298691298,0.32373822596454,3
0.573180358002885,0.605126426244171,0.934882570035682,1.83265538332182,0.312759316595921,3
0.599649691974668,0.644929551865883,0.939272988666499,1.72164311887855,0.348300607192427,2
0.637585476367612,0.635874755972798,1.01673787914595,1.69100005613317,0.377046172771521,2
0.686977301988032,0.897915402857103,1.11705464671611,2.7480879276086,0.249983650487556,3
0.600918877770198,0.955885383853361,0.981763127746176,2.74517898832002,0.218899627830212,1
0.673450676164717,0.25650021447653,0.979693090457323,0.376108488068061,1.79057082453301,0
0.581102274343844,0.59321374143787,0.936894691602522,1.68630053288635,0.344601640341987,1
0.639097592031695,0.938447191316847,1.08854117708594,2.73707405049587,0.233496553890954,1
0.696531049021285,0.887808686262074,1.11946035218218,2.54851710952111,0.273308259579984,1
0.696394195309779,0.383568047747483,1.10394777325921,1.03230873568878,0.674598108720856,2
0.661395051264087,0.522520306355498,1.07593700438425,1.40815547492275,0.469688605664631,2
0.592814528559893,0.904884424682036,0.999144320256587,2.80554079436182,0.211301264430011,3
0.775535068370168,0.373801567558672,1.13709605094828,0.547313573405728,1.41698230972421,0
0.718879406632171,0.31649003143631,1.07991573440773,0.473063749235476,1.51962159047775,0
0.635607194609607,0.445479054800067,1.0457661899339,1.22753444424665,0.517791317219102,2
0.670214344846303,0.478743977448951,1.09710482939747,1.39051440796054,0.481989872970415,1
0.662497877343811,0.340084717916619,0.958160002415772,0.49331317147604,1.34295326518101,0
0.695090269645771,0.344308720673092,1.10876352203266,0.919996237083751,0.755535170789316,2
0.703755633012148,0.367032329185027,1.11296802010267,0.980279193531571,0.717912733171512,2
0.652112460464617,0.510261377812874,1.07633202936371,1.46339549685645,0.44561570419598,1
0.67405878104974,1.10324259516291,1.09057523629337,3.35381432274966,0.200982676797215,3
0.65082052541128,1.34370006605303,1.08821448589927,4.09599119825145,0.158892032482169,3
0.697406921737584,0.794536844357937,1.16110544528351,2.41368459550245,0.288938593757654,3
0.672912116407773,0.684760352658475,1.13033284413593,2.11390870572698,0.318325855917463,3
0.588325266233362,0.364067947782697,0.928815739339703,0.960953096250958,0.612230353696019,2
0.654184634268249,0.742255434142473,1.05930790765643,2.02000948871297,0.323852097760669,2
0.592863296832072,1.08710360764977,1.02213252201067,3.36518741791634,0.176175364706373,3
0.71162116261724,0.437722907890627,1.03014269917515,0.639550932139678,1.11268706551546,0
0.660082535959636,0.797211070348041,1.0759710258883,2.28490347734244,0.288888460110759,1
0.759973075375668,0.317454283845889,1.1524006856148,0.487556139871715,1.55873642948933,0
0.606028897830562,0.93139867697652,0.977322377430788,2.65344842933904,0.228392857662835,1
0.744305530587597,0.360693301911464,1.10903195656285,0.529517650051197,1.40562665831625,0
0.619369323476158,0.434390127010496,1.01111522722011,1.24248882702291,0.498490458437159,1
0.647350975826055,0.325393987138343,0.954067950846735,0.472442158872972,1.37021981092992,0
0.576265985120374,0.960480079083522,0.939243390801879,2.73422787109865,0.210759966443052,1
0.638197956067322,0.939854728437159,1.03264963129434,2.68076484806138,0.238065535089102,1
0.692264453300891,0.751950856381153,1.11457949482117,2.0132159074798,0.343859844773251,2
0.648377089751755,0.910673269270729,1.05637273041612,2.75721340965098,0.235156572329763,3
0.570903966941799,0.88836967450726,0.920236225167653,2.69930211229704,0.211500503348797,3
0.65750334983491,1.31128314730446,1.06933518836777,3.97359728328497,0.165467997255966,3
0.658234043385121,0.576999182946962,1.07638040481863,1.55418797593163,0.423522527555284,2
0.657612187444236,0.911545300219916,1.06760948392091,2.77225549797565,0.237211884226599,3
0.77146700358629,0.384086663124534,1.14356110884365,0.590529677446005,1.30639615019294,0
0.694212717353685,0.367207194320203,1.11404071514978,0.982441746495223,0.706619006379992,2
0.614344829207243,0.669345866492036,0.975351041449717,1.79791006115149,0.341699232226637,2
0.593608014094208,0.653718854164173,0.984967085673833,1.88384098411173,0.315104992404183,1
0.69232272183866,0.771374677487364,1.22333582103019,2.29791158292508,0.301283315554756,1
